isbn,title
9780385498418,Woman: An Intimate Geography
9780679434597,A history of the breast
9780692238066,A boy like me
9780307396402,Lucy's legacy: the quest for human origins
9781594480201,Beijing Doll
9780807003329,They're bankrupting us!: and twenty other myths about unions
9780618493333,100 words almost everyone confuses & misuses
9780853459187,Shadows of tender fury: the letters and communiqués of Subcomandante Marcos and the Zapatista Army of National Liberation
9780520243194,When women come first: gender and class in transnational migration
9780896087439,Conquest: sexual violence and American Indian genocide
9780805078411,The trouble with diversity: how we learned to love identity and ignore inequality
9780520276697,Labor And The Locavore The Making Of A Comprehensive Food Ethic
9780393352733,Of poetry & protest: from Emmett Till to Trayvon Martin
9781580052269,It's a Jungle Out There: The Feminist Survival Guide to Politically Inhospitable Environments
9788499925479,CUESTIÓN DE EDUCACIÓN: UN VIAJE POR LA ENSEÑANZA ESPAÑOLA
9780898624656,Women's growth in connection: writings from the Stone Center
9780136061328,Gender in cross-cultural perspective
9788427713338,Palabras de mujeres: escritoras españolas contemporáneas
9780452274426,In the Time of the Butterflies
9788497420112,"Memoria de un colegio : ""Estilo"", una experiencia de educación en libertad sobre la base de la comunidad: ""Estilo"", una experiencia de educación en libertad sobre la base de la comunidad"
9780679745082,"Feminism in our time: the essential writings, World War II to the present"
9780073127644,"Women: Images & Realities, A Multicultural Anthology"
9780802143006,"Black skin, white masks"
9780670824632,The second shift: working parents and the revolution at home
9780896085299,For crying out loud: women's poverty in the United States
9780534084004,"Belief, Justification, and Knowledge: An Introduction to Epistemology (Wadsworth Basic Issues in Philosophy Series)"
9780312117924,"Franny, the Queen of Provincetown: a novel"
9781596436015,Americus
9780375727191,The Laramie project
9780822313878,"The conjure woman, and other conjure tales"
9781596432116,In The Name of God
9780761906834,Academic outlaws: queer theory and cultural studies in the academy
9780670857661,Queer and loathing: rants and raves of a raging AIDS clone
9780674004412,"The Trouble with Normal: Sex, Politics, and the Ethics of Queer Life"
9780312099435,Women of the Silk: A Novel
9780671880187,Kitchen
9780684863320,GARDENS IN THE DUNES: A Novel
9780231079990,"Politics, Gender, and the Islamic Past"
9780872860216,"Reality Sandwiches, 1953-1960 (Pocket Poets Series, No. 18)"
9780876857632,Hollywood: a novel
9780140433791,The odd women
9789812480033,Bars of steel: the true story of Maria de la Torre
9780393310337,"The Dream of a Common Language: Poems, 1974-1977"
9780863580307,Test-tube women: what future for motherhood?
9780521537476,"Women, Family and Gender in Islamic Law"
9780743254663,Getting Even: Why Women Don't Get Paid Like Men--And What to Do About It
9780553386691,The Whole-Brain Child: 12 Revolutionary Strategies to Nurture Your Child's Developing Mind
9780877736516,Same-sex love and the path to wholeness
9781560231875,Behind the Mask of the Mattachine: The Hal Call Chronicles And the Early Movement for Homosexual Emancipation (Haworth Gay and Lesbian Studies)
9781560232872,Bisexuality and Transgenderism: Intersexions of the Others
9780385520188,Factory girls: from village to city in a changing China
9780674587397,Moses the Egyptian: The Memory of Egypt in Western Monotheism
9780761137856,Generation T: 128 ways to transform a T-shirt
9781577664406,On Deadline: Managing Media Relations
9780439922333,Does My Head Look Big in This?
9780465015559,My Confederate kinfolk: a twenty-first century freedwoman confronts her roots
9781593762445,Live nude elf the sexperiments of Reverend Jen: the sexperiments of Reverend Jen
9781890159122,Health Care Without Shame: A Handbook for the Sexually Diverse and Their Caregivers
9780521734479,Gender and elections: shaping the future of American politics
9780201523416,Mindfulness
9780415910125,School-smart and Mother-wise: Working-Class Women's Identity and Schooling (Perspectives on Gender)
9780465088652,Understanding Women: A Feminist Psychoanalytic Approach
9780195090604,The Creation of Feminist Consciousness: From the Middle Ages to Eighteen-seventy (Women & History)
9780072376937,In our own words: writings from women's lives
9780812976380,Virginity or Death!: And Other Social and Political Issues of Our Time
9780073512266,Feminist theory: a reader
9780385248426,Invented lives: narratives of black women 1860-1960
9781620970102,Under the bus: how working women are being run over
9788499705705,La buena educación Enseñar con libertad y compromiso para convertir a los niños en adultos felices: Enseñar con libertad y compromiso para convertir a los niños en adultos felices
9781588521095,Gender on Trial: Sexual Stereotypes and Work/Life Balance in the Legal Workplace
9780307455925,Americanah
9780807079034,"Taking a Chance on God Liberating Theology for Gays, Lesbians, and Their Lovers, Families and Friends: Liberating Theology for Gays, Lesbians, and Their Lovers, Families and Friends"
9780520260788,"Nimo's war, Emma's war: making feminist sense of the Iraq War"
9781614270942,Daughter of han the autobiography of a chinese working woman: the autobiography of a chinese working woman
9780679732570,"Good wives: image and reality in the lives of women in northern New England, 1650-1750"
9780816618996,"Feminine endings: music, gender, and sexuality"
9780062501912,Awakening your sexuality: a guide for recovering women and their partners
9780805068375,The Tending Instinct: How Nurturing is Essential to Who We Are and How We Live
9781526361233,57 Bus A True Story of Two Teenagers and the Crime That Changed Their Lives: A True Story of Two Teenagers and the Crime That Changed Their Lives
9781842772751,Islamic Masculinities (Global Masculinities)
9780231134378,Intimacies: Love and Sex Across Cultures
9781563671425,Survey of historic costume: a history of Western dress
9780807022047,A Disability History of the United States
9780812045956,Art history
9781573241274,Uppity women of the Renaissance
9780312428006,The Terror Dream
9781890159122,Health Care Without Shame: A Handbook for the Sexually Diverse and Their Caregivers
9780881338607,Urban life: readings in urban anthropology
9780060163655,Too good for her own good: breaking free from the burden of female responsibility
9781337041515,Acp Ch 171/172 Boston U:
9781605358789,Cell 8th Edition
9780415587433,"Japan's international relations politics, economics and security: politics, economics and security"
9781439190661,"Our bodies, ourselves informing and inspiring women across generations: informing and inspiring women across generations"
9780321570567,Calculus: early transcendentals
9781572485068,The boundaries of her body: the troubling history of women's rights in America
9780393319088,Foreigner
9781557040015,What's Happening to My Body? Book for Girls A Growing Up Guide for Parents and Daughters: A Growing Up Guide for Parents and Daughters
9780375702624,The Name of War: King Philip's War and the Origins of American Identity
9781621063049,"Unfuck Your Brain Getting Over Anxiety, Depression, Anger, Freak-Outs, and Triggers with science: Getting Over Anxiety, Depression, Anger, Freak-Outs, and Triggers with science"
9780316038638,Where the Mountain Meets the Moon
9781611688498,"Maximum Harm The Tsarnaev Brothers, the FBI, and the Road to the Marathon Bombing: The Tsarnaev Brothers, the FBI, and the Road to the Marathon Bombing"
9780415908412,"Tilting the tower: lesbians, teaching, queer subjects"
9780226451176,How to study: suggestions for high school and college students
9780874775662,Gay Relationships
9780304343010,Cassell's Queer Companion: A Dictionary of Lesbian and Gay Life and Culture (Cassell Lesbian and Gay Studies)
9781905204045,Women Who Changed the World: Fifty Inspirational Woman Who Shaped History
9780807079096,TWICE BLESSED
9780679751649,Same-sex unions in premodern Europe
9781580051859,Abortion Under Attack: Women on the Challenges Facing Choice
9780545880831,Refugee
9781250247759,The Brave
9780316262262,Ghost Boys
9780860917885,"I, Rigoberta Menchu: An Indian Woman in Guatemala"
1586485679,Japan Rising: The Resurgence of Japanese Power and Purpose
9780767916806,The Many Joys of Sex Toys: The Ultimate How-to Handbook for Couples and Singles
9780312428006,The Terror Dream
9781615192250,An Illustrated Book of Bad Arguments: Learning th Lost Art of Making Sense
9781558615809,And the world changed: contemporary stories by Pakistani women
9781401360153,LIGHTING THE WAY: NINE WOMEN WHO CHANGED MODERN AMERICA
9781591027164,Muslim women reformers: inspiring voices against oppression
9780415074674,The Sexual subject: a Screen reader in sexuality
9780029190951,Tell them who I am: the lives of homeless women
9780679745082,"Feminism in our time: the essential writings, World War II to the present"
9780044408505,The feminist companion to mythology
9780618751471,Half the Human Experience: The Psychology of Women
9780393614916,You May Ask Yourself An Introduction to Thinking Like a Sociologist: An Introduction to Thinking Like a Sociologist
9781586489403,The Localvore's Dilemma
9780813525600,Talking leadership: conversations with powerful women
9780195062625,Women's America: refocusing the past
9780415918404,White Weddings: Romancing Heterosexuality in Popular Culture
9783822855645,Erotica 20th Century II
9781933354590,Abortion & life
9780295975245,The raven steals the light
9781416592716,The brutal language of love stories: stories
9780684831541,Accordion crimes
9781878067586,Egalia's Daughters: A Satire of the Sexes
9781416933960,"Jennifer, Hecate, Macbeth, William McKinley, and me, Elizabeth"
9780679722564,The swimming-pool library
9780813527932,Speaking the Unspeakable: Marital Violence Among South Asian Immigrants in the United States
9780745619156,Gender and the Media
9780416374605,Reproductive rituals: the perception of fertility in England from the sixteenth to the nineteenth century
9780743476973,The Black woman: an anthology
9780814798249,Fat History: Bodies and Beauty in the Modern West
9780807001547,Pornland: how porn has hijacked our sexuality
9780374528331,My mother's house: and Sido
9780300050769,Manhood in the Making: Cultural Concepts of Masculinity
9781566395199,The gender knot: unraveling our patriarchal legacy
9780684866000,Can't Buy My Love: How Advertising Changes the Way We Think and Feel
9780195044195,The Paradox of Change: American Women in the 20th Century
9781565841222,WAC stats: the facts about women
9781593082833,Incidents in the Life of a Slave Girl
9780199739752,The production of difference race and the management of U.S. labor: race and the management of U.S. labor
9780307266132,A Mirror Garden: A Memoir
9781620970935,"When we fight, we win!: twenty-first-century social movements and the activists that are transforming our world"
9780814793398,Everyday courage: the lives and stories of urban teenagers
9781400034772,The No. 1 Ladies' detective agency
9780375706653,Boston marriage
9780385721974,The Riddle of Gender
9780684866000,Can't Buy My Love: How Advertising Changes the Way We Think and Feel
9780312235062,Deconstructing Images of The Turkish Woman
9780199899661,Women And Politics In A Global World
9780395585214,Learning to bow: an American teacher in a Japanese school
9780143035367,Olivia Joules and the overactive imagination
9780871564306,Material world: a global family portrait
9780312033347,Everybody loves you: further adventures of gay Manhattan
9780892540143,The book of Lilith
9780143039488,The Winter of Our Discontent
9780374531058,The Girl on the Fridge: Stories
9780735227439,A Line in the Dark
9780811216692,Memoirs (New Directions Paperbook)
9780385476188,"Out, Loud, & Laughing: A Collection of Gay & Lesbian Humor"
9780375424175,"The Female Thing: Dirt, Sex, Envy, Vulnerability"
9781412974417,"Gender, race, and class in media: a critical reader"
9780679729570,Friend of my youth: stories
9780140141412,Granta 55: Children (Granta (Viking))
9781930722385,"Roar Softly and Carry a Great Lipstick: 28 Women Writers on Life, Sex, and Survival"
9780062059734,Coming Of Age On Zoloft How Antidepressants Cheered Us Up Let Us Down And Changed Who We Are
9780307267146,Half the sky: turning oppression to opportunity for women worldwide
9780312673925,The Rise Of Enlightened Sexism How Pop Culture Took Us From Girl Power To Girls Gone Wild
9781573442954,Opening Up: Creating and Sustaining Open Relationships
9781565123816,"All-night party: the women of bohemian Greenwich Village and Harlem, 1913-1930"
9780316334747,Babylon's Ashes
9781559361354,Venus: A Play
9780446679497,Hypocrite in a pouffy white dress: tales of growing up groovy and clueless
9780449911228,Intimate nature: the bond between women and animals
9781572242494,The woman's book of sleep: a complete resource guide
9780670867752,The woman who walked into doors
9780674013599,Making the Most of College: Students Speak Their Minds
9780399152368,Smart women
9781594200885,One Perfect Day: The Selling of the American Wedding
9780446178228,Live alone and like it: the classic guide for the single woman
9780140177985,A question of choice
9780375707490,Lives of girls and women
9780679734772,The House on Mango Street
9781451624205,"For colored girls who have considered suicide, when the rainbow is enuf a choreopoem: a choreopoem"
9781594202612,Mom: a celebration of mothers from StoryCorps
9781422116913,Through the Labyrinth: The Truth About How Women Become Leaders (Center for Public Leadership)
9781551521848,"Red Light: Superheroes, Saints, And Sluts"
9780807014134,Gyn/ecology: the metaethics of radical feminism
9780262720311,Why So Slow? The Advancement of Women
9780865547117,Ungodly women: gender and the first wave of American fundamentalism
9780806129792,Feminism and Disability
9780742518643,Sisters and Lovers: Women and Desire in Bali (Asian Voices)
9780226816319,Student's guide to writing college papers
9780226816319,Student's guide to writing college papers
9781454868323,National Security Law
9780740768729,The Annotated Mona Lisa: A Crash Course in Art History from Prehistoric to Post-Modern
9781484085950,Jennie Wood's Flutter: Hell can wait...
9781506708867,The Flutter Collection
9780804755016,Between Islam and the State: The Politics of Engagement
9781452173801,A Day in the Life of Marlon Bundo
9788183282963,"India, the future is now: the vision and road map for the country by her young parliamentarians"
9780060839888,The Case for Hillary Clinton
9780814751084,"Urban girls: resisting stereotypes, creating identities"
9780880295338,When God Was a Woman
9780822963165,Enduring reform: progressive activism and private sector responses in Latin America's democracies
9780131849716,Gender in cross-cultural perspective
9781597096881,"Two Americas, Two Educations: Funding Quality Schools for All Students"
9780452274662,The autobiography of my mother
9781523502059,"Belong find your people, create community & live a more connected life: find your people, create community & live a more connected life"
9780062435088,Sex object: a memoir
9780316407212,Sins of Empire (Gods of Blood and Powder)
9780743256117,"Our bodies, ourselves: a new edition for a new era"
9780061965500,Victory the triumphant gay revolution: the triumphant gay revolution
9780809038169,Devices and Desires: A History of Contraceptives in America
0742518647,Sisters and Lovers: Women and Desire in Bali (Asian Voices)
9781594200946,The girls who went away: the hidden history of women who surrendered children for adoption in the decades before Roe v. Wade
9780807067932,The Myth of Matriarchal Prehistory: Why An Invented Past Will Not Give Women a Future
9780813367880,Theorizing feminism: parallel trends in the humanities and social sciences
0802131638,"The Sexual Outlaw: A Documentary (Rechy, John)"
9780982724651,The State of the Union: Notes on an Obama Administration
9780691124216,An enchanted modern: gender and public piety in Shi'i Lebanon
9780007420124,Art of War
9780060595371,Couldn't Keep It to Myself:  Wally Lamb and the Women of York Correctional Institution (Testimonies from our Imprisoned Sisters)
9781594200885,One Perfect Day: The Selling of the American Wedding
0590897969,Girls speak out: finding your true self
9780924304507,"Gender, Sexuality, and Body Politics in Modern Asia"
9781557047410,The Namesake: A Portrait of the Film Based on the Novel by Jhumpa Lahiri (Newmarket Pictorial Moviebooks)
0449903397,Rachel and her children: homeless families in America
9780374528041,The vagabond
9781580052016,Full Frontal Feminism: A Young Woman's Guide to Why Feminism Matters
9780615856421,"Flutter, Volume Three: Rid of Me"
9780692510551,Jennie Wood's Flutter Don't let me die nervous: Don't let me die nervous
1584794550,Alterknits: over twenty-five patterns for adventurous knitters
9780553211160,Leaves of grass: the 1892 edition
0451625056,American wives: 30 short stories by women
0451627342,Among sisters: short stories by women writers
0451627334,Wives and Husbands: 20 Short Stories about Marriage
0449212602,The Handmaid's Tale
9780674005372,Behind the Mask: Destruction and Creativity in Womens Aggression
9781597190145,10 steps to loving your body: (no matter what size you are)
9780195342956,The changing portrayal of adolescents in the media and why it matters
9780132344821,SOA Principles of Service Design (The Prentice Hall Service-Oriented Computing Series from Thomas Erl)
9780134472096,International Economics
0374525641,"The spirit catches you and you fall down: a Hmong child, her American doctors, and the collision of two cultures"
9780195124873,Women of the sacred groves: divine priestesses of Okinawa
9780375758720,"Seafaring Women: Adventures of Pirate Queens, Female Stowaways, and Sailors' Wives"
9780156030489,Kiffe kiffe tomorrow
9780806129792,Feminism and Disability
9780374286217,Walking out on the boys
9780811840989,Woman: a celebration
0446603775,Dawn
9781435162877,The Count of Monte Cristo
9780345533487,A knight of the seven kingdoms
9781585103966,"Odysseus at Troy: Sophocles' Ajax, and Euripides' Hecuba and Trojan Women"
9781960730244,Don't Forget Me Tomorrow Alternate Cover: Alternate Cover
9781591023975,Uncorrected papers: diverse philosophical dissents
9780415910057,"The Gender/Sexuality Reader: Culture, History, Political Economy"
9780813331645,"Same Sex, Different Cultures: Exploring Gay and Lesbian Lives"
9781885535337,Guide to getting it on for adults of all ages: for adults of all ages
9781982104122,Black Ice A Thriller: A Thriller
9781420150674,Maryanns Hope
9780062653314,Heat 2 A Novel: A Novel
9780465042999,BiblioTech: Why Libraries Matter More Than Ever in the Age of Google
9780593126035,"Date Me, Bryson Keller"
9781952210563,Murder Out of Character
9780140296556,The Book of War: 25 Centuries of Great War Writing
9781133049753,Introduction to Logic and Critical Thinking
