isbn,title
0029013801,Gender and stress
3899715004,Wilhelm Wundt - Völkerpsychologie
0837178665,Introducción a la filosofía
0671242121,Homosexualities
9780766143388,My life
9780544086616,The evil hours
0155010131,Images of women in American popular culture
9780704341845,Writing a woman's life
9780573122064,Diana of Dobson's
003062374X,The Maid of the North
0674032993,Mothers and others
0078026628,Feminist frontiers
9780810916937,Histoire du costume en Occident
9781568587226,Main Street Moment
1494346249,Biochemistry Lab Manual
1449645445,Introduction to Homeland Security
0393674401,Psychological Science
9780716732648,Chemical principles
9781402796142,Origami Zoo
